,ID,k,rAction,cAction,One_minus_corr_Action,R2_1-corr_Action,rExternal,cExternal,One_minus_corr_External,R2_1-corr_External
0,2,1,-10.0,0.0,1.1703553657486943,0.0290209506393714,-3.9921564254435715,0.0,1.033526180038868,0.0011240047479985902
1,2,2,-10.0,0.0,1.2024402876978817,0.04098207008320116,-3.46449248816404,0.0,1.040836764899949,0.0016676413674937057
2,2,3,-10.0,0.0,1.22076026663076,0.04873509532288421,-3.2605973680085345,0.0,1.0450200139494996,0.0020268016560131387
3,2,4,-10.0,0.0,1.231109297309906,0.05341150730307855,-3.2554099592179604,0.0,1.0471842210826212,0.002226350719173684
4,2,5,-9.974948208542058,2.9427624155621507e-07,1.236702386695491,0.05602801986734171,-3.3536806764746885,0.0,1.047922480534822,0.0022965641406103906
5,2,6,-10.0,1.320619146999548e-06,1.239159000750197,0.05719702763983271,-3.496809056510902,0.0,1.0475967763468037,0.0022654531186076447
6,2,7,-9.893424271423326,1.3000606884240484e-06,1.2403638050660735,0.057774758785841394,-3.660933352701386,0.0,1.0464797986505885,0.002160371682599246
7,2,8,-9.801332093721879,1.5632774394562424e-06,1.2408941238672377,0.058029978913764026,-3.8379053901674163,0.0,1.0447932951768217,0.0020064392927978906
8,2,9,-9.73054822580572,1.9058169386735225e-06,1.2409084712485283,0.058036891519303,-4.022838836524309,0.0,1.0427184712758473,0.0018248677881453925
9,2,10,-9.697552621760536,3.7545749999427456e-06,1.2395029569365494,0.05736166638135068,-4.2210526111636595,0.0,1.0404013282424573,0.0016322673237547866
10,2,11,-9.649340129427491,2.9312460787705353e-06,1.2393620293063707,0.05729418107366389,-4.424577228900025,0.0,1.0379569224254432,0.001440727960011116
11,2,12,-10.0,3.4568319518995723e-06,1.2350144127123694,0.055231774182539904,-4.642503765237329,0.0,1.0354735923147345,0.0012583757517119817
12,2,13,-9.881471678187866,3.807119125939131e-06,1.2343588794689397,0.05492408438593701,-4.8688332386789845,0.0,1.0330170057075718,0.0010901226658938275
13,2,14,-10.0,3.763741865597367e-06,1.2321424292256498,0.05389010744678584,-5.105472615644773,0.0,1.030634075034428,0.0009384465532149616
14,3,1,-0.8057865255378402,0.0,0.9910845337261537,7.94855388800905e-05,-1.4260914633605115,0.0021,0.8959486865152249,0.010826675837906941
15,3,2,-0.7825529806723693,0.0,0.9853413113217123,0.00021487715376696076,-1.4620880065260495,0.0021,0.8950967933905093,0.0110046827569535
16,3,3,-0.7768661458592828,0.0,0.9833788441540294,0.00027626282165604213,-1.4861826201943156,0.0021,0.8915795033263623,0.011755004098958306
17,3,4,-0.7807771905258479,0.0,0.9829267849684827,0.00029149467151242845,-1.5203180286888947,0.0021,0.8873345623303264,0.012693500845299122
18,3,5,-0.7921136131209074,0.0,0.9832213631145534,0.0002815226557336679,-1.5754651518397242,0.0021,0.8833181725252778,0.013614648862840851
19,3,6,-0.8102654802564239,0.0,0.9839478235591661,0.0002576723684876634,-1.6633977194910814,0.0021,0.8800309645144355,0.014392569475336625
20,3,7,-0.8350737132512079,0.0,0.9849556821493907,0.00022633149959016177,-1.7989781938179532,0.0021,0.8776738606419502,0.014963684370245034
21,3,8,-0.8678319251263299,0.0,0.9861604345890802,0.00019153357076312778,-1.988549835267277,0.0021,0.8762497723212647,0.01531411885053883
22,3,9,-2.9715102708752896,0.0,0.9928371124200571,5.1306958482899386e-05,-2.2025658942041284,0.002087212831526125,0.875727153223774,0.015443740445867323
23,3,10,-3.279710866244606,0.0,0.9890961621569565,0.0001188936797073866,-2.8000906305736715,0.0016157462376640524,0.8759941691346137,0.015377446088614787
24,3,11,-3.502907025024137,0.0,0.985055794153564,0.0002233292883806499,-2.8041404705389747,0.0012575526594050977,0.8766298434314879,0.015220195531739198
25,3,12,-3.6979463898965697,0.0,0.9808962223915888,0.00036495431891163496,-9.394893779484818,1.64082211752067e-05,0.8577298938859224,0.02024078309371093
26,3,13,-3.881702441501888,0.0,0.9767297954081398,0.0005415024217470323,-2.8087508467146436,0.0007226819572779769,0.8793340052505716,0.014560282288869074
27,3,14,-4.057624248919376,0.0,0.9726403366531955,0.0007485511784504758,-2.809722748597884,0.0005504799871144256,0.881115660129513,0.014133486266441448
28,4,1,-3.2520330507533353,0.0,1.1456523975276247,0.021214620905545226,-10.0,0.0021,0.9168830234268831,0.006908431794656063
29,4,2,-3.1315632008916863,0.0,1.145915807584275,0.0212914229029712,-10.0,0.0021,0.9257419352031632,0.0055142601873712175
30,4,3,-3.105122932696919,0.0,1.1414876598929187,0.020018757901974226,-10.0,0.0021,0.9304344673574221,0.0048393633318455686
31,4,4,-3.1340977409575324,0.0,1.1349715223231296,0.018217311838223053,-10.0,0.0021,0.9330531363371679,0.0044818825542898314
32,4,5,-3.1946225613176256,0.0,1.1273858312293994,0.01622714999800502,-10.0,0.0021,0.9344788658009527,0.004293019026729558
33,4,6,-3.2749994715724906,0.0,1.1192031494612074,0.01420939084147094,-10.0,0.0021,0.9351501325308357,0.004205505310768179
34,4,7,-3.3681135647767713,0.0,1.110686758226792,0.012251558446756319,-10.0,0.0021,0.9353123517188338,0.004184491840147868
35,4,8,-3.4692885532639046,0.0,1.102009498628523,0.010405937810442642,-10.0,0.0021,0.9351152866501738,0.0042100260264891
36,4,9,-3.575285922233513,0.0,1.09329862285174,0.008704633026031215,-9.999999999999998,0.0021,0.934657424664207,0.004269652151513795
37,4,10,-3.683952897682127,0.0,1.0846532332401788,0.007166169898016121,-10.0,0.0021,0.9340076834689282,0.004354985841137185
38,4,11,-3.7945446529215823,0.0,1.076151465399104,0.005799045682430932,-10.0,0.0021,0.9332168008082364,0.004459995694286767
39,4,12,-3.905616599523599,0.0,1.0678542216644058,0.0046041953976823135,-10.0,0.0021,0.9323237582811043,0.004580073693194403
40,4,13,-4.017534315894212,0.0,1.0598079845410129,0.0035769950148580483,-10.0,0.0021,0.9313596392897145,0.004711499118438099
41,4,14,-4.130600101413595,0.0,1.0520474460527673,0.0027089366406157184,-10.0,0.0021,0.9303500550408581,0.004851114832811495
42,5,1,-10.0,0.0,1.2787232081896551,0.07768662678353383,-3.859596868064435,0.0,1.0956840547386157,0.009155438331222399
43,5,2,-10.0,0.0,1.29236090874014,0.08547490095936043,-3.736903916821587,0.0,1.115622758196313,0.013368622212923056
44,5,3,-10.0,0.0,1.2966319999815616,0.08799054341306121,-3.5969838853205918,0.0,1.1257718423928464,0.015818556338890986
45,5,4,-2.4529347978844296,0.0,1.3268264610421765,0.10681553563735335,-3.5154701321271027,0.0,1.1305771789539447,0.017050399663570533
46,5,5,-2.4426090006036816,0.0,1.3243098156485231,0.10517685652597909,-3.7026439962113638,8.004260929560934e-05,1.131880273596411,0.017392406563864257
47,5,6,-2.4834472557966527,0.0,1.3206337867439961,0.10280602520179431,-3.8648545405853474,0.0001172987275814953,1.1306621426928753,0.01707259553309329
48,5,7,-2.53236280680857,0.0,1.3161438637317238,0.09994694257522276,-4.009841121790621,0.0001286801058655853,1.1278448657063191,0.016344309687466804
49,5,8,-2.5837928443387583,0.0,1.3110430254757155,0.09674776369708657,-4.146125302413263,0.00012616982083958272,1.1239908212850638,0.01537372376294461
50,5,9,-2.635085945636974,0.0,1.3054659930214432,0.0933094728925763,-4.277330111802477,0.00011663896160574645,1.1194664306395534,0.014272228049755252
51,5,10,-2.6878230118078545,0.0,1.2995060780544725,0.08970389079157177,-4.404707300820762,0.00010410700305903643,1.1145247504487226,0.013115918465342186
52,5,11,-2.7424097291680303,0.0,1.2932280482890481,0.08598268830340432,-4.528654959836072,9.082973345339701e-05,1.1093482083859112,0.01195703067720868
53,5,12,-2.800576836812788,0.0,1.2866766559532716,0.08218350506855047,-4.648684486007922,7.807490104214946e-05,1.1040718783489771,0.010830955863084298
54,5,13,-2.8630604169661455,0.0,1.27988352631007,0.07833478829975965,-4.764400883811365,6.644961459781311e-05,1.0987969776080175,0.009760842784479126
55,5,14,-2.9302708723836886,0.0,1.2728728757788528,0.07445960633582119,-4.875030407019272,5.620864164526854e-05,1.093599260612716,0.008760821587247159
56,6,1,-10.0,0.0021,1.2914706239779963,0.0849551246421225,-10.0,0.0021,1.1258320168942244,0.01583369647566837
57,6,2,-10.0,0.0021,1.2818241094884781,0.07942482868897371,-10.0,0.0021,1.123409075214128,0.015229799845206258
58,6,3,-10.0,0.0021,1.2653407759101916,0.07040572736062246,-10.0,0.0021,1.1227138645690655,0.015058692557474955
59,6,4,-10.0,0.0021,1.2438555921228547,0.05946554980958804,-10.0,0.0021,1.1225424554230112,0.015016653381100678
60,6,5,-10.0,0.0021,1.2185922919817918,0.04778259011385288,-10.0,0.0021,1.122503639866563,0.015007141780556574
61,6,6,-10.0,0.0021,1.1910298059552396,0.03649238676329644,-10.0,0.0021,1.1224490099271283,0.014993760032133976
62,6,7,-10.0,0.0021,1.1628744898771486,0.026528099452741385,-10.0,0.0021,1.1223205096815807,0.014962307088761664
63,6,8,-10.0,0.0021,1.135743116359504,0.018426193638989813,-10.0,0.0021,1.1220976776115101,0.014907842878124284
64,6,9,-10.0,0.0021,1.1108603666083412,0.012290020884535813,-10.0,0.0021,1.121776985242686,0.014829634134797343
65,6,10,-10.0,0.0021,1.0889317686792177,0.007908859480413881,-10.0,0.0021,1.1213627419850036,0.01472891514211858
66,6,11,-10.0,0.0021,1.0701921469858569,0.00492693749848412,-10.0,0.0021,1.1208627346950562,0.014607800637967523
67,6,12,-10.0,0.0021,1.0545424205424598,0.002974875638630536,-10.0,0.0021,1.1202860274102888,0.014468728390148733
68,6,13,-10.0,0.0021,1.0416928908468455,0.0017382971471669743,-10.0,0.0021,1.1196418264845196,0.014314166644551912
69,6,14,-10.0,0.0021,1.0312729300089325,0.000977996151343592,-10.0,0.0021,1.1189389006799462,0.014146462094954095
70,7,1,-10.0,4.992645814065657e-06,1.1589316034242274,0.025259254566995893,-0.1,2.5316924676514098e-08,1.1905714305892205,0.03631747015682215
71,7,2,-10.0,4.553217006462463e-06,1.1752094815656289,0.030698362430496454,-0.1,0.0021,1.2020859695789,0.040838739100644034
72,7,3,-10.0,4.465292374163581e-06,1.1844314293380065,0.034014952127660064,-0.1,0.0021,1.2081320237970654,0.043318939329862194
73,7,4,-10.0,4.351350865908318e-06,1.189967783727918,0.03608775885449704,-0.1,0.0021,1.2119598714346342,0.04492698709858666
74,7,5,-7.494158963159812,4.6339883531434726e-05,1.1966696886706214,0.038678966441799134,-0.1,0.0021,1.2146248597387534,0.04606383041787963
75,7,6,-9.815706246907487,4.434940127877447e-06,1.1955917261543603,0.03825612334004225,-0.1,0.0021,1.2165840542081707,0.04690865253724784
76,7,7,-9.738226245709596,5.601440797105064e-06,1.196703864439791,0.03869241028554768,-0.1,0.0021,1.218072184151638,0.04755547750066591
77,7,8,-10.0,0.0,1.1961439595933339,0.03847245288495137,-0.1,0.0021,1.2192245862585418,0.04805941922022888
78,7,9,-10.0,0.0,1.1944662253069973,0.03781711278515188,-0.1,0.0021,1.2201263271932385,0.04845559992358469
79,7,10,-10.0,0.0,1.1925720959536779,0.03708401213999253,-0.1,4.377568417871105e-09,1.220841913325967,0.048771150681473925
80,7,11,-10.0,0.0,1.1905278262931964,0.03630085259201041,-1.9064664488693475,0.0,1.2368433904954506,0.05609479162138045
81,7,12,-10.0,0.0,1.1883555405562123,0.03547780965822294,-2.056653710100241,0.0,1.233761566878908,0.054644470149682184
82,7,13,-10.0,0.0,1.186056637139498,0.03461707222365883,-2.2046849539913786,0.0,1.2300894024701563,0.05294113312907353
83,7,14,-10.0,0.0,1.1836332794359108,0.03372118131638725,-2.3558833440531015,0.0,1.2259255205237776,0.051042340823939825
84,8,1,-10.0,0.0021,0.8873827297901831,0.012682649549510917,-10.0,0.0,1.116396586062991,0.013548165247119255
85,8,2,-10.0,0.0021,0.884881706498803,0.013252221498627731,-0.1,0.0021,1.1208338882955597,0.01460082856062381
86,8,3,-10.0,0.0021,0.8832172968302391,0.013638199759636493,-9.998500906190634,6.187603606176802e-05,1.114827519028266,0.01318535912618675
87,8,4,-10.0,0.0021,0.8818692738953449,0.013954868450013053,-10.0,5.048737935368895e-05,1.1126767956732107,0.012696060283182469
88,8,5,-10.0,0.0021,0.8806873708765371,0.014235503468352997,-10.0,4.308643711859555e-05,1.1096073061838023,0.012013761568869775
89,8,6,-10.0,0.0021,0.8796074429546489,0.014494367791918128,-10.0,3.77539557702602e-05,1.1061598401282036,0.011269911656045758
90,8,7,-10.0,0.0021,0.8785981394287943,0.014738411750150471,-10.0,3.369060541363875e-05,1.1026258782713976,0.01053207089097573
91,8,8,-10.0,0.0021,0.8776458584750212,0.014970535948314547,-10.0,3.0505300098424796e-05,1.099190022409243,0.009838660545546126
92,8,9,-10.0,0.0021,0.8767480952944956,0.015191032013534738,-10.0,2.7979144353327744e-05,1.0959798998796182,0.009212141180901554
93,8,10,-10.0,0.0021,0.87590985746035,0.015398363475510652,-9.739930859785684,2.9334341039686513e-05,1.0942225296173822,0.008877885087498486
94,8,11,-10.0,0.0021,0.8751413324274022,0.015589686868004474,-10.0,2.4420842685422388e-05,1.0905551130190134,0.008200228493886309
95,8,12,-10.0,0.0021,0.8744560905147101,0.015761273208850665,-10.0,2.32380047824336e-05,1.088418549161215,0.00781783983577421
96,8,13,-10.0,0.0021,0.8738695432510466,0.0159088921196996,-10.0,2.23671547578004e-05,1.086670538808043,0.0075117822972765235
97,8,14,-10.0,0.0021,0.8733975538435618,0.016028179372793848,-9.691220178220794,2.8433324100551484e-05,1.0872259362223151,0.007608363949859372
98,9,1,-9.241668724681778,4.990762979029625e-06,1.0333168246381952,0.0011100108039722447,-10.0,0.0,1.0211180095268906,0.00044597032637784127
99,9,2,-10.0,5.900527136931181e-06,1.052670455679472,0.002774176901483216,-10.0,0.0,1.0389878603821348,0.0015200532571768251
100,9,3,-6.619912041178522,0.00011782761141583145,1.0624242824580774,0.0038967910404058307,-10.0,0.0,1.04954871793271,0.0024550754487752727
101,9,4,-9.331625480393278,2.09098161710674e-05,1.0567680221061067,0.0032226083338394136,-10.0,0.0,1.0557356498241266,0.0031064626613176564
102,9,5,-10.0,2.032451694912184e-05,1.0465222325904784,0.0021643181252025694,-10.0,0.0,1.059333360380473,0.0035204476540390893
103,9,6,-10.0,2.790343364592477e-05,1.0315715291679468,0.000996761454002515,-10.0,0.0,1.0614967460402227,0.0037818497735356564
104,9,7,-9.369840768971125,5.4030919542694446e-05,1.0143175254270993,0.0002049915343556327,-10.0,0.0,1.0629982351701006,0.003968777634547305
105,9,8,-8.475246187938481,0.00011594874414879676,0.9967957441621367,1.0267255474481126e-05,-10.0,0.0,1.0643643795215787,0.004142773351197826
106,9,9,-8.17554953200608,0.0001564662343808253,0.9803975395183139,0.0003842564569360675,-10.0,0.0,1.0659506076380585,0.004349482647829135
107,9,10,-8.107989844998084,0.0001724965261511137,0.965873185423145,0.00116463947316304,-10.0,0.0,1.0679792974012512,0.004621184875167761
108,9,11,-8.165551956833788,0.00016896608170051468,0.9535002577445798,0.0021622260298205112,-10.0,0.0,1.0705578525216053,0.004978410552460587
109,9,12,-8.295578467051662,0.0001536475839405673,0.943254830310631,0.003220014283075287,-10.0,0.0,1.0736895089181338,0.00543014372459573
110,9,13,-8.467687859159126,0.00013327906456932247,0.9349469608304505,0.004231897905194941,-10.0,0.0,1.077287430615313,0.005973346931116844
111,9,14,-8.669949006836465,0.00011166142414294582,0.9283151297166616,0.005138720627539045,-10.0,0.0,1.081198752952366,0.006593237481019331
112,10,1,-2.816776218485445,0.0,0.9709892839824896,0.0008416216438486333,-10.0,0.0003800618410320573,0.9661846415724196,0.0011434784655857317
113,10,2,-3.0687449605434693,0.0,0.9746670577796694,0.0006417579615386038,-10.0,0.0003727572229804909,0.9611459320964074,0.0015096385926569853
114,10,3,-3.3132974224736063,0.0,0.974352930257567,0.0006577721863732209,-10.0,0.0003640613345045824,0.9582206036215877,0.001745517961744496
115,10,4,-3.5990341213690353,0.0,0.9721739162379369,0.000774290937533353,-9.919682203163699,0.00037208005710657257,0.9561059437678266,0.0019266881725131986
116,10,5,-3.9416682300735713,0.0,0.9690298641680142,0.0009591493134516497,-10.0,0.00034049035235748785,0.9542885546363804,0.0020895362372311834
117,10,6,-4.316663036699687,0.0,0.9653626728795826,0.0011997444300468072,-10.0,0.00032618883720059443,0.9526097361270975,0.0022458371099433262
118,10,7,-4.679511977218446,0.0,0.9614433156018546,0.0014866179117781926,-10.0,0.0003108235702636942,0.950944311741321,0.0024064605505326976
119,10,8,-5.007220749346196,0.0,0.9574631308598869,0.0018093852362431049,-10.0,0.0002948535288341711,0.9492319893989352,0.0025773909003898284
120,10,9,-5.300569607286137,0.0,0.953554031196857,0.002157228018062533,-10.0,0.00027866849976259777,0.9474373147411496,0.00276283588162097
121,10,10,-5.5689880709212645,0.0,0.9498031665519151,0.0025197220882147713,-9.549376320954376,0.00035415993487718835,0.9456885756433073,0.002949730815652747
122,10,11,-5.8224221744965545,0.0,0.9462670349461071,0.0028872315334828725,-10.0,0.0002469676809268464,0.9435232269257693,0.0031896258968781505
123,10,12,-6.068931180681201,0.0,0.9429813952658487,0.0032511212858293875,-10.0,0.00023194860572003074,0.9413830010611419,0.0034359525645980844
124,10,13,-6.314351714935852,0.0,0.9399673526290532,0.0036039187503644544,-10.0,0.00021769578451011278,0.9391141145773796,0.0037070910436964584
125,10,14,-6.564984960129909,0.0,0.9372350016606064,0.003939445016544091,-10.0,0.00020432873541407207,0.9367153251771739,0.0040049500674308415
126,11,1,-10.0,0.0,1.2929064142645086,0.08579416751729192,-0.10000000000000009,0.0021,0.8206757741866276,0.03215717796356535
127,11,2,-3.1318379193763604,0.0,1.322921905177006,0.10427855684314731,-0.10000000000000009,0.0021,0.8416033491677307,0.025089498994879833
128,11,3,-2.7074126929847333,0.0,1.3319867480828376,0.1102152009026175,-0.10000000000000009,0.0021,0.8537814084725318,0.021379876508276593
129,11,4,-2.582938559937029,0.0,1.33257992271498,0.11060940499310198,-0.10000000000000009,0.0021,0.8619061810610111,0.01906990282915423
130,11,5,-2.592364659034488,5.102179054412325e-06,1.3284445721297822,0.10787583696151569,-0.10000000000000009,0.0021,0.867753806049741,0.017489055814329527
131,11,6,-2.722106787267954,6.541065298015692e-05,1.3211386160787273,0.1031300107369602,-0.10000000000000009,0.0021,0.8721664904495884,0.016341406163975187
132,11,7,-2.8103708476330618,6.86466674610338e-05,1.311486024321212,0.0970235433474347,-0.10000000000000009,0.0021,0.8756045231196632,0.015474234668286405
133,11,8,-2.9826792141634484,6.920874022079677e-05,1.2999721898527932,0.08998331468508015,-0.10000000000000009,0.0021,0.8783457221336154,0.014799763323191516
134,11,9,-3.113922385767627,5.303290259460612e-05,1.286990412946755,0.08236349712334898,-0.10000000000000009,0.0021,0.880571546865121,0.014263155418190003
135,11,10,-3.247854151316291,3.6609006045039884e-05,1.272792931454084,0.07441598345131263,-0.10000000000000009,0.0021,0.8824080702371082,0.01382786194536087
136,11,11,-3.3850087557003543,2.2853517438539034e-05,1.257611482693139,0.06636367601535753,-0.10000000000000053,0.0021,0.8839470832348439,0.013468279489700245
137,11,12,-3.525392124162503,1.2550475933198603e-05,1.2416680028666507,0.05840342360955546,-0.10000000000000009,0.0021,0.8852577749925916,0.013165778199650733
138,11,13,-3.6686065268167147,5.436499146358324e-06,1.2251833812989923,0.050707555213247414,-0.10000000000000009,0.0021,0.8863936250686174,0.012906408425049868
139,11,14,-3.8141435495547067,8.688587180466758e-07,1.2083752162238077,0.04342023073631861,-0.10000000000000009,0.0021,0.8873967084580938,0.012679501266071536
140,12,1,-2.8356129577174913,0.0,1.0503735246828196,0.0025374919889706495,-0.5883768248580143,0.0,0.9180034791425631,0.006723429432724092
141,12,2,-2.8101525575111257,5.274998599322306e-05,1.0698159373698117,0.004874265110825472,-0.5843703684165232,0.0,0.9192755482681225,0.006516437107412226
142,12,3,-2.8099267841773257,0.0003652305042457908,1.0810632020932758,0.006571242733615288,-0.5728953986922308,0.0,0.919797717860456,0.0064324060603910055
143,12,4,-6.016273359077373,0.0001246942106404789,1.0856581091377326,0.007337311661051704,-0.5601323234925214,0.0,0.9200777835491671,0.006387560682413772
144,12,5,-10.0,7.582210802627395e-06,1.0882069434076567,0.007780464865321534,-0.5481665253422335,0.0,0.9202805736710044,0.0063551869342241595
145,12,6,-7.4363242259129585,4.9765234698315275e-05,1.0895632922982201,0.00802158332729643,-0.5376604216971015,0.0,0.9204711797115018,0.006324833256480244
146,12,7,-6.877200182157587,7.590513200440707e-05,1.0901138251116314,0.008120501476249674,-0.5290347673181164,0.0,0.9206786861267068,0.006291870834585506
147,12,8,-6.573105760971711,9.439264613416522e-05,1.0900892478751172,0.00811607258270432,-0.5223413883178527,0.0,0.9209180266131387,0.006253958514760229
148,12,9,-6.409197523374591,0.00010433353402344586,1.0896365248653985,0.008034706589945225,-0.5174473630005212,0.0,0.921198121358198,0.006209736077477293
149,12,10,-6.326644941127889,0.00010719324740346489,1.0888560394415359,0.007895395745235779,-0.5142592557755744,0.0,0.9215252842406965,0.0061582810135034855
150,12,11,-6.307980647493306,0.0001038669470315993,1.0878189176281607,0.007712162293381679,-0.5128766172117805,0.0,0.9219047264022704,0.006098871758304235
151,12,12,-6.333100958493373,9.648794146446134e-05,1.086576841535093,0.007495549490192595,-0.5132552003647813,0.0,0.9223411929740133,0.006030890308699449
152,12,13,-6.395269127201157,8.640620836751224e-05,1.0851680370344614,0.007253594532303374,-0.5149195200570572,0.0,0.9228391767561304,0.0059537926436716865
153,12,14,-2.809934908450434,0.0003155531726568756,1.089466988792047,0.00800434208351625,-0.5180296791512772,0.0,0.9234029261455527,0.005867111723063648
154,14,1,-10.0,0.0,1.055560214535666,0.003086937439249214,-0.1,0.0021,0.9971604198922612,8.0632151882657e-06
155,14,2,-10.0,0.0,1.0528554022784657,0.0027936935500184413,-0.1,0.0021,0.996727713744318,1.0707857339125372e-05
156,14,3,-10.0,0.0,1.0490495672487206,0.002405860047286765,-0.1,0.0021,0.9958786798185216,1.698528003826072e-05
157,14,4,-10.0,0.0,1.0450529639020234,0.002029769556357031,-0.1,0.0021,0.9948597875449166,2.6421784083394566e-05
158,14,5,-10.0,0.0,1.041327142528395,0.001707932709562282,-0.1,0.0021,0.993756075305439,3.898659559134914e-05
159,14,6,-10.0,0.0,1.03814015068411,0.0014546710942066018,-0.1,0.0021,0.9926040235502173,5.4700467645740425e-05
160,14,7,-10.0,0.0,1.0356629583977157,0.0012718466016771956,-0.1,0.0021,0.9914212314724267,7.359526944968243e-05
161,14,8,-10.0,0.0,1.0340104082442856,0.0011567078689429698,-0.1,0.0021,0.9902164193328402,9.571845067082238e-05
162,14,9,-10.0,0.0,1.0332571828183528,0.0011060402090133337,-0.1,0.0021,0.9889933521291564,0.00012114629735274588
163,14,10,-10.0,0.0,1.0334403798219773,0.0011182590026381143,-0.1,0.0021,0.9877527422072941,0.00014999532344099454
164,14,11,-10.0,0.0,1.0345544355464749,0.0011940090159354936,-0.1,0.0021,0.9864933353960881,0.00018242998872256791
165,14,12,-10.0,0.0,1.036543423764837,0.0013354218204564485,-0.1,6.540998288423966e-10,0.9852154143312305,0.00021858397339718594
166,14,13,-10.0,0.0,1.039296648677705,0.001544226597298978,-0.1,7.05778344494909e-10,0.9839099172159151,0.0002588907639987036
167,14,14,-10.0,0.0,1.0426532622944475,0.0018193007843589437,-0.1,7.023967737072019e-10,0.9825759978268204,0.0003035958517309701
168,15,1,-6.870868893422831,3.142652857773816e-05,1.0833449977156193,0.0069463886442166075,-10.0,0.0,1.0475477816456082,0.0022607915394184377
169,15,2,-9.416847325665598,5.6944140851237805e-06,1.0871345747069387,0.0075924341093591,-10.0,0.0,1.0816955174431584,0.006674157570305388
170,15,3,-9.358208772106748,7.041538575394337e-06,1.0829053362741659,0.0068732947827325344,-10.0,0.0,1.104104382988962,0.010837722557512485
171,15,4,-10.0,6.163045433565371e-06,1.073364461619309,0.005382344228691055,-7.956277883974035,0.0,1.1187773692893097,0.014108063455289073
172,15,5,-5.663849528074351,0.0002952139632674848,1.074800536732306,0.005595120295441033,-6.761912420506873,0.0,1.1278929923631325,0.016356617495596276
173,15,6,-9.665036926750842,1.0141678946688196e-05,1.0483316106290426,0.0023359445859973903,-6.334548867508549,0.0,1.1333295177320548,0.01777676029866232
174,15,7,-10.0,9.83889440445092e-06,1.0341407868232964,0.0011655933249137603,-6.302372635321313,0.0,1.136272305954361,0.018570141370118948
175,15,8,-10.0,1.00099401913162e-05,1.020616374726331,0.0004250349068565037,-6.46990333984832,0.0,1.13742228160906,0.01888488348263979
176,15,9,-9.589271979658164,1.3698797689808318e-05,1.0087131562580756,7.591909197764209e-05,-6.758537497914573,0.0,1.1372231354619577,0.018830188906010775
177,15,10,-10.0,9.93882041636976e-06,0.9968584321887222,9.869448312856815e-06,-7.05172159753904,0.0,1.1360008111524778,0.018496220634131887
178,15,11,-9.738973634383196,1.0920265792622428e-05,0.9876736600431357,0.0001519386567321894,-7.337393079069842,0.0,1.1340175025273544,0.017960690983669456
179,15,12,-9.766301617725714,9.816889743416825e-06,0.9795825628790937,0.0004168717385861621,-7.609754005879184,0.0,1.1314869631252171,0.017288821471892236
180,15,13,-9.736318278501514,8.859587116761933e-06,0.9731280828354326,0.0007220999320993683,-7.8490740748291055,0.0,1.1285807460072426,0.01653300824377901
181,15,14,-9.583217577619681,8.217121964235804e-06,0.9683891160303195,0.000999247985344601,-8.074329701734785,0.0,1.125434344853712,0.015733774868879967
182,16,1,-9.374451944881956,2.7439781872698858e-05,1.2532645067427828,0.06414291037566507,-0.6500677760400411,0.0,1.035101480044484,0.0012321139013133087
183,16,2,-10.0,0.0021,1.2556942928562815,0.0653795713992738,-0.5656031872644671,0.0,1.043795701487056,0.0019180634687433202
184,16,3,-10.0,0.0021,1.2544263381047216,0.06473276152137813,-0.4491644841004018,0.0,1.0482735255730802,0.002330333271254816
185,16,4,-10.0,0.0021,1.253508082269768,0.06426634777609547,-0.28305551289512576,0.0,1.0511202132427697,0.0026132762019862384
186,16,5,-10.0,1.7644174177027906e-05,1.2525972713949658,0.06380538151618209,-0.10000000000000009,0.0,1.0531001230844608,0.00281962307158489
187,16,6,-10.0,1.4939602466270178e-05,1.2467966761998297,0.06090859938328363,-0.10000000000000009,0.0,1.0547337157051915,0.0029957796348967125
188,16,7,-10.0,1.2825173675757681e-05,1.240121136332823,0.05765816011376625,-10.0,0.0,1.0565467516624183,0.0031975351235712084
189,16,8,-10.0,0.0021,1.2511585653823891,0.06308062496493982,-10.0,0.0,1.0516518199333553,0.0026679105024277647
190,16,9,-10.0,9.734545325778509e-06,1.2251376873406308,0.050686978261087645,-10.0,0.0,1.046990113054735,0.0022080707248967662
191,16,10,-10.0,8.545386031881158e-06,1.2172106463535843,0.04718046488934187,-10.0,0.0,1.0426468263046473,0.0018187517938587686
192,16,11,-10.0,7.511932229342488e-06,1.209198062256158,0.04376382925173133,-10.0,0.0,1.038635250090814,0.0014926825495797404
193,16,12,-6.134934471090094,0.0,1.253113676808797,0.06406653338766807,-10.0,0.0,1.034909588679373,0.0012186793817630104
194,16,13,-6.03760060909256,0.0,1.2465358320500723,0.060779916484621464,-10.0,0.0,1.0313795756536317,0.000984677768201992
195,16,14,-6.060674689528354,0.0,1.23994268543779,0.0575724922950982,-10.0,0.0,1.0279281766584594,0.0007799830514661113
196,19,1,-10.0,0.0,1.283810110403843,0.0805481787674416,-10.0,0.0,1.1338576190089305,0.017917862166739993
197,19,2,-10.0,0.0,1.3139344345674164,0.09855482920716346,-10.0,0.0,1.1628562596436305,0.02652216130511358
198,19,3,-10.0,0.0,1.332324620443675,0.11043965335303257,-10.0,0.0,1.1804173768862407,0.03255042988251177
199,19,4,-10.0,0.0,1.3441587668003119,0.11844525676551138,-10.0,0.0,1.1916687746793122,0.036736919187068964
200,19,5,-10.0,0.0,1.3520058004708873,0.12390808356515001,-10.0,0.0,1.199124374582845,0.03965051655300923
201,19,6,-3.0663030648444747,0.0,1.36077508467017,0.13015866171876836,-10.0,0.0,1.2041673782231972,0.04168431833053402
202,19,7,-2.870926054374271,0.0,1.3564451066220768,0.12705311403482372,-10.0,0.0,1.2076145254348363,0.04310379117153226
203,19,8,-2.805903837767451,0.0,1.350830743657944,0.12308221069558607,-10.0,0.0,1.2099733016340775,0.0440887873991153
204,19,9,-2.807563195876409,0.0,1.3444009577399738,0.11861201969221126,-10.0,0.0,1.2115702598881832,0.04476197486915342
205,19,10,-2.8572922714627285,0.0,1.3373861595611956,0.11382942066345254,-10.0,0.0,1.2126184438501484,0.04520660266525868
206,19,11,-2.954754105406878,0.0,1.3298999202122743,0.108833957356065,-6.621454670216654,0.0,1.2127332374696194,0.04525543032430544
207,19,12,-3.1007076058458956,0.0,1.3219738562497003,0.10366716410830272,-6.267671326529444,0.0,1.2114245858586192,0.04470035550548869
208,19,13,-3.2894963124683794,0.0,1.3135751634835278,0.09832938315372117,-6.052786191102648,0.0,1.2095072145035952,0.04389327292905548
209,19,14,-3.4985117622536284,0.0,1.3046576019388127,0.09281625441910801,-5.8592058210305415,0.0,1.2070724944743016,0.04287901796780968
210,20,1,-1.6815677699500589,0.0,0.9562291750906889,0.0019158851132415641,-10.0,0.0021,0.9786691426009048,0.00045500547738053443
211,20,2,-1.7042080643864528,0.0,0.9636631625596023,0.0013203657551698917,-10.0,0.0021,0.9792356293579456,0.00043115908816060823
212,20,3,-1.7147359172213912,0.0,0.9705427240962639,0.000867731103668836,-10.0,0.0021,0.979882242858465,0.0004047241524057816
213,20,4,-1.7275925177756823,0.0,0.9772112476641589,0.000519327233024302,-10.0,0.0021,0.9805878560136293,0.00037683133414758937
214,20,5,-1.7516994001253343,0.0,0.9838568286577477,0.00026060198098531496,-10.0,0.0021,0.9813256132759044,0.0003487327195210775
215,20,6,-1.7939725283021357,0.0,0.9905678384714048,8.896567110150991e-05,-10.0,0.0021,0.9820787854191586,0.00032116993205256095
216,20,7,-1.8572348042341753,0.0,0.997351646226219,7.013777711100093e-06,-10.0,0.0021,0.9828372192323978,0.00029456104367677665
217,20,8,-2.8096633793354715,0.000338453331815963,1.0064551797025891,4.1669344992719265e-05,-10.0,0.0021,0.9835946113125286,0.0002691367779870142
218,20,9,-2.809835221893754,0.0002979591496180908,1.0119195430447554,0.0001420755063957781,-10.0,0.0021,0.9843467911486414,0.00024502294734425134
219,20,10,-2.8099694019082953,0.00025197985918427873,1.0174675694765076,0.00030511598341661985,-10.0,0.0021,0.9850908218329121,0.0002222835936179709
220,20,11,-2.8100540145636437,0.000203375115405757,1.023053255050348,0.0005314525684163977,-10.0,0.0021,0.985824539804663,0.0002009436717495823
221,20,12,-9.883408826257346,3.265490015666545e-07,0.9849137472785422,0.00022759502117569223,-10.0,0.0021,0.986546304685796,0.0001810019176074361
222,20,13,-10.0,3.2046344084907163e-07,0.9842792497002902,0.0002471419899858262,-10.0,0.0021,0.9872548522406225,0.00016243879140836443
223,20,14,-10.0,3.4554382225917546e-07,0.9841258854856405,0.0002519875116149981,-10.0,0.0021,0.9879492028974115,0.0001452217108077552
224,24,1,-5.444751733541206,0.0,1.0693852333467897,0.004814310606588459,-10.0,0.0,1.1516661215654125,0.02300261243069448
225,24,2,-6.3843823012192304,0.0,1.088746855324907,0.007876004330059947,-10.0,0.0,1.168553523933475,0.02841029043039256
226,24,3,-7.096548029444863,0.0,1.0998325161657507,0.009966531283984864,-0.1,0.0021,1.1446619526488515,0.020927080544178557
227,24,4,-7.028438138572143,0.0,1.106335081760751,0.011307149613065563,-10.0,0.0021,1.1438590963890012,0.02069543961385996
228,24,5,-6.211763929487079,0.0,1.1100383499243958,0.01210843845408379,-10.0,0.0021,1.1417456919376845,0.02009184118289297
229,24,6,-5.7384624711667875,0.0,1.1118727688573244,0.01251551641180433,-10.0,0.0021,1.139200701692368,0.01937683535164761
230,24,7,-5.529260359518138,0.0,1.112427158216983,0.012639865904746493,-10.0,0.0021,1.1361304830371262,0.018531508411921315
231,24,8,-5.452656211313883,0.0,1.112088598466118,0.01256385390609864,-10.0,0.0021,1.1324443850597692,0.017541515133860427
232,24,9,-5.470699249859246,0.0,1.1111142640255993,0.012346379669950598,-10.0,0.0021,1.1280791482598707,0.0164042682189739
233,24,10,-5.536496149907058,0.0,1.1096798425813792,0.012029667868676099,-0.10000000000000009,0.0021,1.1216171152197223,0.014790722714367184
234,24,11,-5.641029006617131,0.0,1.107910419965704,0.011644658737174608,-0.10000000000000009,0.0021,1.1159485672344471,0.013444070243721117
235,24,12,-5.762298094768884,0.0,1.105899324047081,0.01121466683362867,-0.10000000000000009,0.0021,1.109754041217124,0.012045949563490192
236,24,13,-5.893953788384791,0.0,1.1037188700239433,0.010757603999043667,-0.10000000000000009,0.0021,1.1031864391458521,0.010647441223600665
237,24,14,-6.035251849231706,0.0,1.1014265752308654,0.010287350163062385,-10.0,0.0021,1.0975527513976533,0.009516539305252333
238,25,1,-10.0,0.0,1.1222491425586292,0.01494485285632005,-10.0,0.0,0.9654005051453162,0.001197125044199292
239,25,2,-10.0,0.0,1.1390492205917502,0.01933468574717317,-10.0,0.0,0.9985280262791026,2.1667066350124827e-06
240,25,3,-10.0,0.0,1.1480737700833812,0.021925841386706023,-10.0,0.0,1.0189955515460805,0.00036083097853980114
241,25,4,-10.0,0.0,1.1529353317663986,0.023389215702498373,-10.0,0.0,1.0318475699266811,0.0010142677102348415
242,25,5,-10.0,0.0,1.1555737161262214,0.024203181149322094,-10.0,0.0,1.039940553297897,0.0015952477977421511
243,25,6,-10.0,0.0,1.1571455428954105,0.02469472165189331,-10.0,0.0,1.0449954202475706,0.002024587843255488
244,25,7,-10.0,0.0,1.1583790509453133,0.02508392377833817,-10.0,0.0,1.0480880240936843,0.002312458061234756
245,25,8,-10.0,0.0,1.159741038378636,0.025517199342284847,-10.0,0.0,1.0499111288795722,0.0024911207860332687
246,25,9,-10.0,0.0021,1.1329454413738926,0.017674490382099103,-10.0,0.0,1.050921769895375,0.002593026649277525
247,25,10,-10.0,0.0021,1.1216277138126356,0.01479330076728837,-10.0,0.0,1.0514266761160844,0.0026447030163486546
248,25,11,-10.0,1.432606503333454e-06,1.1637369120036682,0.02680977635249698,-10.0,0.0,1.051634636558493,0.0026661356925276646
249,25,12,-10.0,1.4087627321808867e-06,1.1640183620762077,0.02690202309816199,-10.0,0.0,1.0516906111418363,0.0026719192802165223
250,25,13,-4.340249371584463,0.0,1.1948432403398899,0.037963888306148066,-10.0,0.0,1.0516987235130586,0.002672758012879686
251,25,14,-4.309149772513501,0.0,1.1892962573287107,0.03583307303865744,-10.0,0.0,1.0517372645205572,0.0026767445400701097
252,27,1,-2.3034824016596787,0.0,1.2016351468006963,0.04065673242533837,-1.2636478130187994,0.0,0.9585265382264558,0.0017200480314816249
253,27,2,-2.2609676497752518,0.0,1.222520982786275,0.049515587780169706,-1.367075485925252,0.0,0.9703573329969493,0.0008786877070537501
254,27,3,-2.318355710391765,0.0,1.2342140814779627,0.05485623596256582,-1.4405104198988006,0.0,0.9763102631170891,0.0005612036335815483
255,27,4,-2.47079620930737,0.0,1.2416209546628671,0.0583806857321953,-1.5068738552098397,0.0,0.9794874343421316,0.0004207653498683607
256,27,5,-2.7228626996395016,0.0,1.2464901259439132,0.06075738218784618,-1.5733788134065987,0.0,0.9811268421086224,0.000356196088792868
257,27,6,-3.2260254747168386,0.0,1.2494502108991674,0.06222540771763914,-1.6425817751366514,0.0,0.9818374123942264,0.0003298795885374026
258,27,7,-4.381888876423854,0.0,1.250011696358034,0.06250584831582179,-1.7160951614379496,0.0,0.981953966287372,0.0003256593327573085
259,27,8,-5.161210164747423,0.0,1.2485781709658532,0.06179110708072891,-2.809416400443175,0.0006951632534127508,0.9812936740196104,0.00034992663168459734
260,27,9,-5.752503284440032,0.0,1.2461897235425985,0.06060937997798106,-2.8098909032606234,0.0007272288530826683,0.9791227022683325,0.0004358615605766865
261,27,10,-6.240182329327639,0.0,1.243315203922859,0.059202288460022456,-3.2085886761892803,0.0005963203172079322,0.9767086153017083,0.0005424886011638178
262,27,11,-6.685311422336545,0.0,1.2402201989920876,0.05770574400379821,-3.4603023180545804,0.0005441415896572767,0.9741892225386568,0.0006661962331589816
263,27,12,-7.094407640902373,0.0,1.2370710737185995,0.056202693994089614,-10.0,1.8266505827422484e-05,0.9634594054063462,0.0013352150532577609
264,27,13,-7.49701612537015,0.0,1.2339750383790142,0.05474431858446116,-10.0,1.8111391054371847e-05,0.9594423037130817,0.0016449267281019018
265,27,14,-7.885280237875831,0.0,1.23100070839143,0.05336132727734253,-10.0,1.7929264052133488e-05,0.9555423454278876,0.0019764830500532647
266,28,1,-10.0,0.0,1.2653715576906457,0.07042206363115969,-1.4723836714664018,0.0,1.027201523366482,0.0007399228734572637
267,28,2,-10.0,0.0,1.2925128618052977,0.08556377432152518,-1.423000871737661,0.0,1.0461229145123443,0.002127323243113028
268,28,3,-10.0,0.0,1.310397338569802,0.09634650779121619,-1.304352070084817,0.0,1.0566394306050002,0.003208025099258638
269,28,4,-10.0,0.0,1.3229884584470204,0.10432154428998258,-1.1762257719193019,0.0,1.0627395976425058,0.003936257112343525
270,28,5,-10.0,0.0,1.3324765635548634,0.1105406653132511,-1.0631659494238002,0.0,1.0661669795583406,0.004378069183873874
271,28,6,-10.0,0.0,1.3402061351960841,0.11574021442505622,-2.5214784338872804,0.0021,1.0723744953686436,0.005238067579865818
272,28,7,-10.0,0.0,1.3470504133824817,0.12044398942895145,-2.8432701665765556,0.0021,1.0725974358932109,0.0052703876982688695
273,28,8,-10.0,0.0,1.3535813856395185,0.1250197962707619,-3.0154006626308756,0.0021,1.0716308294138948,0.0051309757225224805
274,28,9,-4.2208840612416845,0.0,1.3855480405696832,0.14864729158712206,-3.150039457037597,0.0021,1.0698355880034531,0.0048770093517880335
275,28,10,-4.2382874837864275,0.0,1.3844997300361384,0.14784004239786333,-3.2759572043448246,0.0021,1.0674002351854355,0.004542791703052024
276,28,11,-4.381033252299584,0.0,1.381990738641344,0.14591692440775947,-3.415810968962672,0.0021,1.0644288379037226,0.004151075153624158
277,28,12,-4.5695154432382665,0.0,1.3781760084643873,0.14301709337805635,-3.590203039052221,0.0021,1.060965559849205,0.0037167994877269784
278,28,13,-4.777969779257466,0.0,1.373186837605472,0.1392684157619731,-4.562089715053325,0.001233582661546079,1.0569361678096605,0.003241727204849827
279,28,14,-4.994130059151494,0.0,1.3671738300284615,0.13481662145776946,-6.437079031684911,0.0003749120793465822,1.0520234368869572,0.002706437985531223
280,29,1,-10.0,0.0,1.085659311583846,0.00733751766101839,-10.0,0.0021,0.9691930620986722,0.0009490674228562721
281,29,2,-2.7830053917153452,0.0,1.122747965458755,0.015067063024263713,-10.0,0.0021,0.9785343546641719,0.00046077392968355804
282,29,3,-2.4509825428708587,0.0,1.1399059847532238,0.019573684569769267,-10.0,0.0021,0.9827118361483302,0.00029888060936218285
283,29,4,-2.2449570544934576,0.0,1.1502317666970596,0.022569583724919778,-10.0,0.0021,0.9845351516344422,0.00023916153496969685
284,29,5,-2.1074553743159123,0.0,1.1564387632781865,0.024473086656008475,-10.0,0.0021,0.984990371491517,0.00022528894796266548
285,29,6,-2.0116549762381815,0.0,1.1600440711914213,0.025614104723524714,-4.330258275851743,0.0003460487310092519,1.0026996526533223,7.28812444859051e-06
286,29,7,-1.9432400876707718,0.0,1.161932661526423,0.026222186869031064,-3.6273859322962854,0.0,0.9976336062511723,5.5998193744911854e-06
287,29,8,-1.8936571448143749,0.0,1.1626435722877357,0.026452931606515948,-3.723291669661586,0.0,0.9901490612223399,9.704099480120759e-05
288,29,9,-1.8574163587603911,0.0,1.16252006015105,0.02641276995150089,-3.8257677030188515,0.0,0.9823613777587186,0.0003111209945706264
289,29,10,-1.8308586697912168,0.0,1.1617898640834203,0.026175960120131642,-3.934208916778108,0.0,0.9744930155083257,0.0006506062578585132
290,29,11,-1.8114743827395048,0.0,1.1606096493357496,0.02579545945975242,-4.047667090010605,0.0,0.9667413841740771,0.0011061355266563282
291,29,12,-1.7975376252439514,0.0,1.1590906527137432,0.025309835780884856,-4.165069373965081,0.0,0.9592714622825527,0.0016588137846015266
292,29,13,-1.7878173601714593,0.0,1.1573140832203856,0.024747720779470385,-4.286133700512115,0.0,0.952211095100434,0.0022837794314997635
293,29,14,-1.7814599028620008,0.0,1.1553407037371002,0.024130734237537504,-4.408845640008796,0.0,0.9456499691429995,0.0029539258541569123
294,30,1,-9.694582642326033,4.626598815997907e-06,1.012046525368328,0.00014511877344976915,-2.2406684489836963,0.0,1.0503471580199757,0.002534836320688402
295,30,2,-9.358657020807984,6.528641278964873e-06,1.0213984640131324,0.0004578942621213266,-2.475705846258303,0.0,1.064919538014948,0.004214546416074296
296,30,3,-9.283391991548113,7.770983068479338e-06,1.0255562093758328,0.0006531198376614099,-2.7542534707329067,0.0,1.0732498708814742,0.005365543584152649
297,30,4,-6.546151136068579,8.80493431507444e-05,1.0304901366612744,0.0009296484336231962,-3.208605893545846,0.0,1.0781089791133454,0.006101012618129027
298,30,5,-6.094968144109893,0.00011685541384476045,1.0307028612097975,0.0009426656864680874,-3.784460193988486,0.0,1.0805843836220075,0.006493842883738868
299,30,6,-9.369320101506256,7.672549663300438e-06,1.0248869584902276,0.0006193607028943162,-4.340176118122636,0.0,1.0812987081009886,0.0066094799388897365
300,30,7,-5.711320740395968,0.0001336755485458507,1.0277199326040565,0.0007683946635734306,-4.846776304777747,0.0,1.0806744769766512,0.00650837123545624
301,30,8,-9.171089768927803,7.436325025828221e-06,1.0206498323335327,0.00042641557540301346,-5.305867338888198,0.0,1.0790013983413107,0.0062412209398824475
302,30,9,-10.0,4.08635330801697e-06,1.0176468289383191,0.0003114105715782988,-5.711081899756295,0.0,1.0765036757878599,0.005852812409053966
303,30,10,-9.83567926339924,4.139637659907407e-06,1.0150751166131564,0.00022725914090026617,-6.049356485000345,0.0,1.0733675881669724,0.0053828029934384755
304,30,11,-6.754668531240362,4.074733791273997e-05,1.0154553226532723,0.0002388669983167511,-6.310893263764033,0.0,1.0697484867807054,0.004864851408198252
305,30,12,-7.008940746522965,3.032769363152342e-05,1.012510112606811,0.0001565029174350902,-6.472431892569752,0.0,1.0657732509210047,0.004326120536717452
306,30,13,-5.13605744091933,0.00011223754445148855,1.013608200351332,0.00018518311680199413,-6.619790916232668,0.0,1.0615449652118139,0.00378778274292338
307,30,14,-9.150317181681762,3.924108029644755e-06,1.0052419780710316,2.747833409717668e-05,-6.738111173908856,0.0,1.0571482425770757,0.003265921629648292
308,31,1,-4.56529282079906,0.0,1.2212161484923192,0.0489365843537758,-5.905351246312516,0.0021,1.0079242055269149,6.27930332327872e-05
309,31,2,-10.0,0.0,1.2247188277617331,0.05049855155060752,-6.069678730195549,0.0021,1.011831672856651,0.0001399884825868141
310,31,3,-10.0,0.0,1.2204695676962802,0.04860683028018469,-6.290006536251478,0.0021,1.013761108395502,0.00018936810427275954
311,31,4,-10.0,0.0,1.2132117299819694,0.0454592418019042,-6.538435351122569,0.0021,1.0146082301979884,0.0002134003895174227
312,31,5,-10.0,0.0,1.2049809832179752,0.04201720348100783,-6.829444241911636,0.0021,1.0147267047645692,0.0002168758332227815
313,31,6,-10.0,0.0,1.1967843471250026,0.03872407927341346,-10.0,0.0021,1.0133340800581239,0.00017779769099645587
314,31,7,-10.0,0.0,1.189124978024834,0.03576825731289395,-10.0,0.0021,1.0120627963114086,0.0001455110548505327
315,31,8,-10.0,0.0,1.1822372271813044,0.03321040697073033,-10.0,0.0021,1.0106122153797847,0.0001126191152669398
316,31,9,-10.0,0.0,1.1761957684864943,0.031044948832546316,-10.0,0.0021,1.0090115235605317,8.120755688201764e-05
317,31,10,-10.0,0.0,1.1709688757737429,0.02923035648333754,-10.0,0.0021,1.0072838571688632,5.3054575256398225e-05
318,31,11,-10.0,0.0,1.1664486750634353,0.02770516143037303,-10.0,0.0021,1.0054497012365637,2.969924356780538e-05
319,31,12,-6.928501536763351,0.0,1.1659121487157729,0.02752684109148476,-10.0,0.0021,1.003528367842352,1.2449379630944115e-05
320,31,13,-6.8114688146227085,0.0,1.1600996831348294,0.02563190853987274,-10.0,0.0021,1.0015384938620746,2.36696336364106e-06
321,31,14,-6.877165575954431,0.0,1.1545109269531988,0.023873626547936722,-10.0,0.0021,0.9994980494063448,2.5195439847086085e-07
322,33,1,-9.168694413500193,0.0021,1.0461477997574231,0.0021296194224512165,-10.0,5.112166962830457e-05,1.2259083920776592,0.05103460161111338
323,33,2,-10.0,0.0021,1.0460050379222996,0.002116463514232221,-10.0,4.36446575933203e-05,1.229592010044439,0.0527124910762458
324,33,3,-10.0,0.0021,1.046848863996951,0.0021948160578048126,-9.45771244653056,4.9361291530258454e-05,1.2235403790428023,0.049970301062599726
325,33,4,-10.0,0.0,1.0536138713949965,0.002874447205959221,-9.331360767513587,4.301146951289754e-05,1.2123114316041192,0.04507614398979065
326,33,5,-10.0,0.0,1.0490732853835252,0.0024081873383329155,-10.0,2.3924876913616354e-05,1.1974476464445263,0.03898557308648263
327,33,6,-10.0,0.0,1.0456214375163295,0.0020813155610563587,-10.0,2.0268636339689546e-05,1.1822750255853838,0.03322418495215229
328,33,7,-10.0,0.0,1.0431442018764194,0.0018614221555532345,-5.941914212730243,0.0005577736313924688,1.185504181058287,0.03441180119010565
329,33,8,-10.0,0.0,1.0415497396310827,0.001726380863410753,-9.320582456970051,2.2511347192069716e-05,1.1524629016516506,0.023244936380040878
330,33,9,-10.0,0.0,1.040760208682507,0.0016613946118415174,-6.963066612839264,0.00017314490115775928,1.148329921548328,0.02200176562653313
331,33,10,-10.0,0.0,1.0406986684180868,0.001656381611005367,-6.445267256513922,0.0002398186730497988,1.1393275720568894,0.019412172335267697
332,33,11,-10.0,0.0,1.0412764794695049,0.0017037477573964611,-9.26278789515415,1.4312899255214964e-05,1.1111460492675767,0.012353444267790555
333,33,12,-10.0,0.0,1.0423848052720541,0.0017964717179499415,-10.0,8.06426787856711e-06,1.0980448553934887,0.009612793669130105
334,33,13,-10.0,0.0,1.0438933866009898,0.0019266293873039465,-9.563969502659754,8.698038325579157e-06,1.087971454592339,0.007738976823091965
335,33,14,-10.0,0.0,1.0456581458636398,0.0020846662837054166,-9.55541596878631,7.252684589898057e-06,1.0783140005171468,0.0061330826769996705
336,34,1,-9.496791107973195,5.436659193344393e-06,1.2136599961955852,0.045650593974297486,-10.0,0.0,1.077959885072217,0.006077743680473285
337,34,2,-6.69204358538416,6.542041189097939e-05,1.2559373473601787,0.06550392577376477,-10.0,0.0,1.0952159588354897,0.009066078816961691
338,34,3,-5.282857052460836,0.0,1.2793457270359703,0.07803403521325487,-10.0,0.0,1.1023578510123029,0.010477129663856789
339,34,4,-4.6697406987093455,0.0,1.291494532137503,0.08496906226606182,-10.0,0.0,1.1035945083041059,0.010731822150769477
340,34,5,-4.299122582480096,0.0,1.2975987152120787,0.08856499529587986,-10.0,0.0,1.101252681913654,0.010252105594707623
341,34,6,-4.038571120088532,0.0,1.2998043222527773,0.08988263164144718,-10.0,0.0,1.0966783483364584,0.009346703037065578
342,34,7,-3.8182376018442703,0.0,1.2993742227434655,0.08962492524325408,-9.27836740782677,0.0,1.0905510134142231,0.008199486030342804
343,34,8,-3.541457219984243,0.0,1.297057439621057,0.08824312243421793,-8.872697972505682,0.0,1.0832526815002712,0.006931008976985614
344,34,9,-3.2072037367530264,0.0,1.2932550932239693,0.08599854970179881,-8.706567550074894,0.0,1.0751686032831458,0.005650318919538955
345,34,10,-3.019604185584292,0.0,1.2882727758826962,0.08310119331511522,-8.659818404442136,0.0,1.0666004818558805,0.004435624183435463
346,34,11,-2.943563341309324,0.0,1.2824531349209347,0.07977977342666379,-8.693277572672597,0.0,1.057793493223281,0.0033400878589494244
347,34,12,-2.9182261646867618,0.0,1.2760435974118574,0.07620006767207958,-8.792439075064543,0.0,1.048948214958677,0.002395927747640851
348,34,13,-2.920268570013544,0.0,1.2692176791117258,0.07247815874630421,-8.92823390968588,0.0,1.0402264550087945,0.0016181676825745648
349,34,14,-2.9389319285876705,0.0,1.2621068582880688,0.06870000516164183,-9.102981157331515,0.0,1.0317546561454587,0.0010083581869163145
350,35,1,-3.0309916556937337,0.0021,1.008781104760571,7.710780081612445e-05,-0.10000000000000009,0.0021,0.7087501677980941,0.08482646475763841
351,35,2,-3.024981016239743,0.0021,1.0193052788858952,0.0003726937928621858,-0.10000000000000009,0.0021,0.7268834634947322,0.07459264251263327
352,35,3,-2.982922583491538,0.0021,1.0254828241275307,0.0006493743255146648,-0.10000000000000009,0.0021,0.7371430862208912,0.06909375712147783
353,35,4,-2.923689083330401,0.0021,1.029391379681063,0.0008638531995563964,-0.10000000000000009,0.0021,0.7436991888121722,0.06569010581553851
354,35,5,-2.8674379186713286,0.0021,1.0319824818410561,0.0010228791447134792,-0.10000000000000009,0.0021,0.748217643804792,0.06339435489121056
355,35,6,-2.810463182304668,0.0011168849742855572,1.0334393444776917,0.0011181897590977318,-0.1,0.0021,0.7514891022214385,0.06175766631470669
356,35,7,-2.988903238751816,0.000584334980334737,1.033360877398542,0.001112948140800562,-0.1,1.1507673968878031e-06,0.7539384413703143,0.06054629063527028
357,35,8,-3.151689950264477,0.000375561197621658,1.032291942770594,0.0010427695678993276,-0.1,5.32551777676061e-07,0.7558093952591064,0.05962905144372332
358,35,9,-3.3439889905209252,0.00025805486983856947,1.030491148449373,0.0009297101337617017,-0.1,2.9405508371797803e-07,0.7572587368772047,0.058923320822450165
359,35,10,-3.564033893696794,0.00018128700003435989,1.0281185589192763,0.000790653355696812,-0.1,1.8006604233207367e-07,0.7583898341816189,0.05837547222678558
360,35,11,-3.8094645473786217,0.00012741539442307593,1.0252778605103838,0.0006389702319824251,-0.1,1.1789976912528765e-07,0.7592748352882522,0.05794860492549809
361,35,12,-4.073526098407164,8.907997613604349e-05,1.02204867702253,0.00048614415844384657,-0.1,0.0021,0.7599637992859845,0.05761737765321917
362,35,13,-4.345574032602273,6.224192875786932e-05,1.018506044260663,0.0003424736741776171,-0.1,5.7366451987625964e-08,0.7605019990649196,0.05735929245189982
363,35,14,-4.615021505936688,4.3817469608500026e-05,1.0147275729775787,0.00021690140580990494,-0.1,4.1911575682080764e-08,0.760912560959788,0.057162803506807094
364,36,1,-10.0,0.0021,0.862865519261759,0.018805865807346993,-4.75106126050701,0.0,0.990288114816546,9.432071381659256e-05
365,36,2,-10.0,0.0021,0.8696680648054698,0.016986413331551223,-4.186674302242192,0.0,0.985945204273569,0.000197537282911702
366,36,3,-10.0,0.0021,0.8731024098490215,0.016102998386125705,-4.110238863405442,0.0,0.9815355186630624,0.0003409370710421143
367,36,4,-9.999999999999998,0.0021,0.8746244783821913,0.01571902142093763,-4.130481852868658,0.0,0.9770406762164231,0.0005271305485991181
368,36,5,-10.0,0.0021,0.8751459528831792,0.015588533081449314,-4.187600946359775,0.0,0.9723799232597744,0.0007628686391359541
369,36,6,-10.0,0.0021,0.8752540825109496,0.015561543930184977,-4.265626085149264,0.0,0.967512517174996,0.001055436540304933
370,36,7,-10.0,0.0021,0.8753450345689165,0.015538860406624614,-4.358838549659936,0.0,0.9624326621823022,0.0014113048707090324
371,36,8,-10.0,0.0021,0.8756783571905524,0.015455870870839864,-4.465077914707331,0.0,0.9571610691025089,0.001835174000440024
372,36,9,-9.999999999999998,0.0021,0.8763988912173568,0.015277234092298801,-4.582942187673749,0.0,0.9517375088066001,0.0023292680561929954
373,36,10,-10.0,0.0021,0.8775516742664498,0.01499359247494963,-4.711532249651713,0.0,0.946214431629921,0.002892887364892443
374,36,11,-10.0,0.0021,0.8791024997230092,0.014616205573224966,-4.850084114814285,0.0,0.9406511934486322,0.0035222808390716702
375,36,12,-10.0,0.0021,0.8809652803526298,0.01416926448152803,-4.9971080457014265,0.0,0.9351089316874057,0.004210850746749785
376,36,13,-10.0,0.0021,0.8830306582405909,0.013681826911629441,-5.154306780527169,0.0,0.9296463186716755,0.004949640476447448
377,36,14,-10.0,0.0021,0.8851895085595565,0.013181448944796151,-5.3187511410059525,0.0,0.9243164369245275,0.005728001719799024
378,37,1,-10.0,0.0,1.0757832105351075,0.005743094999008423,-10.0,0.0,1.0852861474134496,0.007273726940628663
379,37,2,-10.0,0.0,1.088312559268363,0.007799108124528118,-10.0,9.693667762760059e-07,1.104579231043557,0.010936815565661676
380,37,3,-10.0,0.0,1.0942508075312125,0.008883214720285651,-10.0,2.663755238723855e-06,1.114483084803928,0.01310637670622337
381,37,4,-10.0,0.0,1.0964858946834088,0.00930952787285785,-9.85025385783804,3.0426125056888295e-06,1.1196536738600544,0.014317001668208283
382,37,5,-5.345152508980607,0.0,1.0960996263386011,0.00923513818241876,-10.0,4.4828878915533456e-06,1.1213883888584606,0.014735140949652817
383,37,6,-4.517230995231744,0.0,1.0905941102555468,0.008207292812994156,-10.0,5.034142163901306e-06,1.1218995175486002,0.01485949237858149
384,37,7,-4.232965190611784,0.0,1.08310423839463,0.006906314439151501,-10.0,5.6872612871779655e-06,1.1215081446521102,0.014764229216798163
385,37,8,-10.0,0.0021,1.0625014202377272,0.003906427531732975,-10.0,5.709023165199272e-06,1.1205547423537072,0.01453344590396872
386,37,9,-10.0,0.0021,1.0445555914061646,0.0019852007255530863,-9.992914155407034,5.946650090296647e-06,1.11930280085926,0.014233158292864262
387,37,10,-10.0,0.0021,1.0286606251802528,0.0008214314357229411,-9.993064689753838,6.066227309133721e-06,1.1178559105669261,0.013890015655559309
388,37,11,-10.0,0.0021,1.0150217848742409,0.00022565402080796987,-9.993684824074935,6.095365981480269e-06,1.1163252648126962,0.01353156723374389
389,37,12,-10.0,0.0021,1.0035974220987127,1.2941445756307178e-05,-3.4729310478940874,0.0,1.1461756494274233,0.021367320485528984
390,37,13,-0.10000000000000009,0.0021,0.9941625718768715,3.407556709269078e-05,-3.303916973876943,0.0,1.145559247991044,0.02118749467571824
391,37,14,-0.10000000000000009,0.0021,0.9865306743973912,0.00018142273218909298,-3.2745183167471383,0.0,1.1446279068530878,0.020917231440705415
392,39,1,-10.0,0.0021,1.1497590818916774,0.022427782609038174,-10.0,0.0021,0.9036246783129481,0.00928820263028274
393,39,2,-10.0,0.0021,1.1527053970421448,0.023318938285799097,-10.0,0.0020955575135005156,0.9342414496232218,0.004324186947655277
394,39,3,-10.0,0.0021,1.1527501942287874,0.023332621836932313,-10.0,0.000500849448420243,0.9476101795488405,0.0027446932869047234
395,39,4,-10.0,0.0021,1.1518306759440853,0.0230525541576378,-10.0,4.9737370376617723e-05,0.9514931103653621,0.0023529183420269405
396,39,5,-10.0,0.0021,1.1505201397003757,0.022656312455420633,-9.686422814395158,3.9636617682588825e-05,0.9496076867815698,0.0025393852315043685
397,39,6,-10.0,0.0021,1.1490252287447205,0.022208518802416283,-9.647128282656398,4.118412621256656e-05,0.9453843961685832,0.0029828641818702727
398,39,7,-10.0,0.0021,1.1474197739143317,0.02173258974095268,-10.0,2.8991239172472928e-05,0.9398233435886267,0.003621229976852472
399,39,8,-10.0,0.0021,1.1457199904386612,0.02123431561344354,-10.0,2.6746199436221736e-05,0.9339585415268526,0.004361474237260441
400,39,9,-10.0,0.0021,1.1439147379392545,0.020711451796124315,-10.0,2.487773665665862e-05,0.9279151858877686,0.005196220425594965
401,39,10,-10.0,0.0021,1.1419806519516356,0.020158505528611474,-10.0,2.327488550189479e-05,0.9219725269241235,0.006088286554606632
402,39,11,-10.0,0.0021,1.1398913449176753,0.019569588382875966,-10.0,2.1880447801612743e-05,0.9163292246210761,0.007000798652510342
403,39,12,-10.0,0.0021,1.1376236981056316,0.01894028228027003,-10.0,2.067620877471345e-05,0.9111166724768532,0.007900245911586978
404,39,13,-10.0,0.0021,1.1351621994280876,0.01826882015423811,-9.460845534347936,2.7119082215396945e-05,0.9070931609578954,0.00863168074079554
405,39,14,-10.0,0.0021,1.1325015770564884,0.017556667922456543,-10.0,1.8763398668983998e-05,0.9022364670437751,0.009557708376082882
